<?xml version="1.0" encoding="UTF-8"?>
<!DOCTYPE hibernate-mapping PUBLIC "-//Hibernate/Hibernate Mapping DTD 3.0//EN" "http://hibernate.sourceforge.net/hibernate-mapping-3.0.dtd" >
<hibernate-mapping>
	<class name="entities.Customer" table="customer">
		<id name="username" type="string" length="20">
			<column name="username"></column>
			<generator class="assigned"></generator>
		</id>
		<property name="password" column="password" type="string"
			length="20" />
		<property name="fullname" column="fullname" type="string" />
		<property name="address" column="address" type="string" />
		<property name="phone" column="phone" type="string" />
		<property name="admin" column="admin" type="int" />
	</class>
</hibernate-mapping>