<?xml version="1.0" encoding="UTF-8"?>
<!DOCTYPE hibernate-configuration PUBLIC
        "-//Hibernate/Hibernate Configuration DTD 3.0//EN"
        "http://hibernate.org/dtd/hibernate-configuration-3.0.dtd">
<hibernate-configuration>
	<session-factory>
		<property name="hibernate.connection.driver_class">com.microsoft.sqlserver.jdbc.SQLServerDriver</property>
		<property name="hibernate.connection.url">jdbc:sqlserver://localhost:1433;databaseName=shopdemo</property>
		<property name="hibernate.connection.username">tupt</property>
		<property name="hibernate.connection.password">thanhtu172</property>
		<property name="hibernate.dialect">org.hibernate.dialect.SQLServerDialect</property>
		<property name="hibernate.show_sql">true</property>

		<mapping resource="category.hbm.xml" />
		<mapping resource="product.hbm.xml" />
		<mapping resource="customer.hbm.xml" />
	</session-factory>
</hibernate-configuration>